{
  "id": "3737803",
  "name": "markdown-resume",
  "font_family": "iconfont",
  "css_prefix_text": "icon-",
  "description": "",
  "glyphs": [
    {
      "icon_id": "4766954",
      "name": "star",
      "font_class": "star",
      "unicode": "e7df",
      "unicode_decimal": 59359
    },
    {
      "icon_id": "617173",
      "name": "goto",
      "font_class": "goto",
      "unicode": "e634",
      "unicode_decimal": 58932
    },
    {
      "icon_id": "837249",
      "name": "table",
      "font_class": "table",
      "unicode": "e823",
      "unicode_decimal": 59427
    },
    {
      "icon_id": "929180",
      "name": "code",
      "font_class": "code1",
      "unicode": "e69f",
      "unicode_decimal": 59039
    },
    {
      "icon_id": "1842080",
      "name": "columns",
      "font_class": "columns",
      "unicode": "e602",
      "unicode_decimal": 58882
    },
    {
      "icon_id": "4767060",
      "name": "unordered list",
      "font_class": "unorderedlist",
      "unicode": "e7f4",
      "unicode_decimal": 59380
    },
    {
      "icon_id": "4767061",
      "name": "ordered list",
      "font_class": "orderedlist",
      "unicode": "e7f5",
      "unicode_decimal": 59381
    },
    {
      "icon_id": "4767087",
      "name": "italic",
      "font_class": "italic",
      "unicode": "e7fb",
      "unicode_decimal": 59387
    },
    {
      "icon_id": "6151161",
      "name": "info-circle-fill",
      "font_class": "info-circle-fill",
      "unicode": "e7dc",
      "unicode_decimal": 59356
    },
    {
      "icon_id": "7239637",
      "name": "bold",
      "font_class": "bold",
      "unicode": "e71b",
      "unicode_decimal": 59163
    },
    {
      "icon_id": "9053410",
      "name": "space",
      "font_class": "space",
      "unicode": "e739",
      "unicode_decimal": 59193
    },
    {
      "icon_id": "579832",
      "name": "DIY",
      "font_class": "diy",
      "unicode": "e632",
      "unicode_decimal": 58930
    },
    {
      "icon_id": "687392",
      "name": "返回",
      "font_class": "back",
      "unicode": "e6ff",
      "unicode_decimal": 59135
    },
    {
      "icon_id": "4251775",
      "name": "证件",
      "font_class": "zhengjian",
      "unicode": "e655",
      "unicode_decimal": 58965
    },
    {
      "icon_id": "6194670",
      "name": "编辑色块",
      "font_class": "write",
      "unicode": "ec7c",
      "unicode_decimal": 60540
    },
    {
      "icon_id": "6337469",
      "name": "字体标题",
      "font_class": "title",
      "unicode": "ec84",
      "unicode_decimal": 60548
    },
    {
      "icon_id": "7008994",
      "name": "refresh",
      "font_class": "refresh",
      "unicode": "e71e",
      "unicode_decimal": 59166
    },
    {
      "icon_id": "10487549",
      "name": "调节",
      "font_class": "adjust",
      "unicode": "e695",
      "unicode_decimal": 59029
    },
    {
      "icon_id": "11121489",
      "name": "模块",
      "font_class": "mokuai",
      "unicode": "e63b",
      "unicode_decimal": 58939
    },
    {
      "icon_id": "2682283",
      "name": "level-3",
      "font_class": "level-3",
      "unicode": "e61e",
      "unicode_decimal": 58910
    },
    {
      "icon_id": "2682284",
      "name": "level-6",
      "font_class": "level-6",
      "unicode": "e61f",
      "unicode_decimal": 58911
    },
    {
      "icon_id": "4766912",
      "name": "qrcode",
      "font_class": "qrcode",
      "unicode": "e7dd",
      "unicode_decimal": 59357
    },
    {
      "icon_id": "4767091",
      "name": "code",
      "font_class": "code",
      "unicode": "e7fc",
      "unicode_decimal": 59388
    },
    {
      "icon_id": "7008906",
      "name": "collection_fill",
      "font_class": "collection_fill",
      "unicode": "e6ea",
      "unicode_decimal": 59114
    },
    {
      "icon_id": "9096739",
      "name": "alipay",
      "font_class": "alipay",
      "unicode": "e668",
      "unicode_decimal": 58984
    },
    {
      "icon_id": "109745",
      "name": "font",
      "font_class": "font",
      "unicode": "e621",
      "unicode_decimal": 58913
    },
    {
      "icon_id": "1134189",
      "name": "money_bag_fill",
      "font_class": "moneybagfill",
      "unicode": "e7ce",
      "unicode_decimal": 59342
    },
    {
      "icon_id": "2682279",
      "name": "level-2",
      "font_class": "level-2",
      "unicode": "e61a",
      "unicode_decimal": 58906
    },
    {
      "icon_id": "2682280",
      "name": "level-4",
      "font_class": "level-4",
      "unicode": "e61b",
      "unicode_decimal": 58907
    },
    {
      "icon_id": "2682281",
      "name": "level-5",
      "font_class": "level-5",
      "unicode": "e61c",
      "unicode_decimal": 58908
    },
    {
      "icon_id": "2682282",
      "name": "level-1",
      "font_class": "level-1",
      "unicode": "e61d",
      "unicode_decimal": 58909
    },
    {
      "icon_id": "4766965",
      "name": "link",
      "font_class": "link",
      "unicode": "e7e2",
      "unicode_decimal": 59362
    },
    {
      "icon_id": "4766917",
      "name": "image",
      "font_class": "image",
      "unicode": "e7de",
      "unicode_decimal": 59358
    },
    {
      "icon_id": "29928",
      "name": "edit",
      "font_class": "edit",
      "unicode": "e649",
      "unicode_decimal": 58953
    },
    {
      "icon_id": "29929",
      "name": "emoji",
      "font_class": "emoji",
      "unicode": "e64a",
      "unicode_decimal": 58954
    },
    {
      "icon_id": "30415",
      "name": "comment_fill",
      "font_class": "commentfill",
      "unicode": "e666",
      "unicode_decimal": 58982
    },
    {
      "icon_id": "30416",
      "name": "comment",
      "font_class": "comment",
      "unicode": "e667",
      "unicode_decimal": 58983
    },
    {
      "icon_id": "32477",
      "name": "delete",
      "font_class": "delete",
      "unicode": "e6b5",
      "unicode_decimal": 59061
    },
    {
      "icon_id": "61143",
      "name": "share",
      "font_class": "share",
      "unicode": "e6f3",
      "unicode_decimal": 59123
    },
    {
      "icon_id": "159929",
      "name": "share",
      "font_class": "fenxiang",
      "unicode": "e601",
      "unicode_decimal": 58881
    },
    {
      "icon_id": "4766692",
      "name": "like",
      "font_class": "like",
      "unicode": "e7c8",
      "unicode_decimal": 59336
    },
    {
      "icon_id": "5428495",
      "name": "reply",
      "font_class": "reply",
      "unicode": "e705",
      "unicode_decimal": 59141
    },
    {
      "icon_id": "7008955",
      "name": "like_fill",
      "font_class": "like_fill",
      "unicode": "e707",
      "unicode_decimal": 59143
    },
    {
      "icon_id": "7008956",
      "name": "like",
      "font_class": "like1",
      "unicode": "e708",
      "unicode_decimal": 59144
    },
    {
      "icon_id": "9785644",
      "name": "moon",
      "font_class": "moon",
      "unicode": "e654",
      "unicode_decimal": 58964
    },
    {
      "icon_id": "11487988",
      "name": "browse",
      "font_class": "browse",
      "unicode": "e745",
      "unicode_decimal": 59205
    },
    {
      "icon_id": "11488058",
      "name": "hot",
      "font_class": "hot",
      "unicode": "e753",
      "unicode_decimal": 59219
    },
    {
      "icon_id": "11686795",
      "name": "message",
      "font_class": "message1",
      "unicode": "e675",
      "unicode_decimal": 58997
    },
    {
      "icon_id": "21096817",
      "name": "shine",
      "font_class": "shine",
      "unicode": "ecda",
      "unicode_decimal": 60634
    },
    {
      "icon_id": "1176853",
      "name": "card",
      "font_class": "card",
      "unicode": "e6b4",
      "unicode_decimal": 59060
    },
    {
      "icon_id": "1293134",
      "name": "head",
      "font_class": "head",
      "unicode": "e609",
      "unicode_decimal": 58889
    },
    {
      "icon_id": "1410620",
      "name": "work",
      "font_class": "work",
      "unicode": "e6fc",
      "unicode_decimal": 59132
    },
    {
      "icon_id": "3153821",
      "name": "practice",
      "font_class": "practice",
      "unicode": "e60b",
      "unicode_decimal": 58891
    },
    {
      "icon_id": "7207749",
      "name": "organization",
      "font_class": "organization",
      "unicode": "e60f",
      "unicode_decimal": 58895
    },
    {
      "icon_id": "7239576",
      "name": "trophy",
      "font_class": "trophy",
      "unicode": "e70d",
      "unicode_decimal": 59149
    },
    {
      "icon_id": "18125947",
      "name": "book",
      "font_class": "book",
      "unicode": "e862",
      "unicode_decimal": 59490
    },
    {
      "icon_id": "18592431",
      "name": "city",
      "font_class": "city",
      "unicode": "e687",
      "unicode_decimal": 59015
    },
    {
      "icon_id": "160001",
      "name": "home",
      "font_class": "home",
      "unicode": "e600",
      "unicode_decimal": 58880
    },
    {
      "icon_id": "386278",
      "name": "baidu",
      "font_class": "baidu",
      "unicode": "e6b6",
      "unicode_decimal": 59062
    },
    {
      "icon_id": "4936984",
      "name": "QQ",
      "font_class": "QQ",
      "unicode": "e882",
      "unicode_decimal": 59522
    },
    {
      "icon_id": "9848172",
      "name": "tencent",
      "font_class": "tencent",
      "unicode": "e620",
      "unicode_decimal": 58912
    },
    {
      "icon_id": "10506955",
      "name": "wechat",
      "font_class": "wechat",
      "unicode": "e619",
      "unicode_decimal": 58905
    },
    {
      "icon_id": "10678426",
      "name": "message",
      "font_class": "message",
      "unicode": "e6df",
      "unicode_decimal": 59103
    },
    {
      "icon_id": "11488144",
      "name": "template",
      "font_class": "template",
      "unicode": "e768",
      "unicode_decimal": 59240
    },
    {
      "icon_id": "13743903",
      "name": "bytedance",
      "font_class": "bytedance",
      "unicode": "e682",
      "unicode_decimal": 59010
    },
    {
      "icon_id": "21928403",
      "name": "Exit",
      "font_class": "Exit",
      "unicode": "e60c",
      "unicode_decimal": 58892
    },
    {
      "icon_id": "22273028",
      "name": "douyin",
      "font_class": "douyin",
      "unicode": "e673",
      "unicode_decimal": 58995
    },
    {
      "icon_id": "22756072",
      "name": "APPLICATION",
      "font_class": "APPLICATION",
      "unicode": "e9f9",
      "unicode_decimal": 59897
    },
    {
      "icon_id": "29391691",
      "name": "alibaba",
      "font_class": "alibaba",
      "unicode": "e94e",
      "unicode_decimal": 59726
    },
    {
      "icon_id": "1206932",
      "name": "problem",
      "font_class": "problem",
      "unicode": "e679",
      "unicode_decimal": 59001
    },
    {
      "icon_id": "1467383",
      "name": "phone",
      "font_class": "phone",
      "unicode": "e69e",
      "unicode_decimal": 59038
    },
    {
      "icon_id": "4765975",
      "name": "project",
      "font_class": "project",
      "unicode": "e798",
      "unicode_decimal": 59288
    },
    {
      "icon_id": "4766293",
      "name": "user",
      "font_class": "user",
      "unicode": "e7ae",
      "unicode_decimal": 59310
    },
    {
      "icon_id": "5821109",
      "name": "technology",
      "font_class": "technology",
      "unicode": "e66b",
      "unicode_decimal": 58987
    },
    {
      "icon_id": "7206120",
      "name": "Profile",
      "font_class": "profile",
      "unicode": "e643",
      "unicode_decimal": 58947
    },
    {
      "icon_id": "7239590",
      "name": "yuque",
      "font_class": "yuque",
      "unicode": "e713",
      "unicode_decimal": 59155
    },
    {
      "icon_id": "11488305",
      "name": "product",
      "font_class": "product",
      "unicode": "e788",
      "unicode_decimal": 59272
    },
    {
      "icon_id": "13743932",
      "name": "gitee-fill-round",
      "font_class": "gitee",
      "unicode": "e686",
      "unicode_decimal": 59014
    },
    {
      "icon_id": "18986691",
      "name": "GitHub",
      "font_class": "github",
      "unicode": "e8c6",
      "unicode_decimal": 59590
    },
    {
      "icon_id": "490590",
      "name": "school",
      "font_class": "school",
      "unicode": "eced",
      "unicode_decimal": 60653
    },
    {
      "icon_id": "829865",
      "name": "csdn",
      "font_class": "csdn",
      "unicode": "e60a",
      "unicode_decimal": 58890
    },
    {
      "icon_id": "1444437",
      "name": "email",
      "font_class": "email",
      "unicode": "e712",
      "unicode_decimal": 59154
    }
  ]
}
